"NUMBER OF PERSONS RECEIVING OLD AGE SECURITY BENEFITS, BY PROVINCE AND BY TYPE",,,,,,,,,,,
"NOMBRE DE PERSONNES RECEVANT DES PRESTATIONS DE LA SÉCURITÉ DE LA VIEILLESSE, SELON LA PROVINCE ET LE TYPE",,,,,,,,,,,
,,,,,,,,,,,
Period,Province,Old Age Security Pension,Guaranteed Income Supplement, Allowance ,GIS as % OAS,,,,,,
Période,Province,Pension de la sécurité de la vieillesse,Supplément de revenu garanti, l'Allocation,SRG en % de la SV,,,,,,
,,,,,,,,,,,
Jan. / jan. 2012,NFLD.&LAB./T-N.&LAB.,"83,850","47,355","3,921",56.48%,,,,,,
Jan. / jan. 2012,P.E.I./Î.-P.-É.,"22,660","9,713",604,42.86%,,,,,,
Jan. / jan. 2012,N.S./N.-É.,"154,325","61,674","3,855",39.96%,,,,,,
Jan. / jan. 2012,N.B./N.-B.,"123,255","56,568","3,991",45.90%,,,,,,
Jan. / jan. 2012,QUE./QUÉ.,"1,260,912","562,049","28,836",44.57%,,,,,,
Jan. / jan. 2012,ONTARIO,"1,842,449","519,521","26,838",28.20%,,,,,,
Jan. / jan. 2012,MANITOBA,"172,894","56,248","2,701",32.53%,,,,,,
Jan. / jan. 2012,SASKATCHEWAN,"152,118","51,770","2,508",34.03%,,,,,,
Jan. / jan. 2012,ALBERTA,"399,643","117,403","5,152",29.38%,,,,,,
Jan. / jan. 2012,B.C./C.-B.,"663,646","210,643","11,672",31.74%,,,,,,
Jan. / jan. 2012,YUKON,"3,094",862,40,27.86%,,,,,,
Jan. / jan. 2012,N.W.T./T.N.-O.,"3,462","1,593",116,46.01%,,,,,,
Jan. / jan. 2012,INTERNATIONAL AGREEMENTS /ACCORDS INTERNATIONAUX,"98,421","8,046",52,8.18%,,,,,,
Feb. / fév. 2012,NFLD.&LAB./T-N.&LAB.,"84,174","47,618","3,921",56.57%,,,,,,
Feb. / fév. 2012,P.E.I./Î.-P.-É.,"22,730","9,728",601,42.80%,,,,,,
Feb. / fév. 2012,N.S./N.-É.,"154,845","62,066","3,909",40.08%,,,,,,
Feb. / fév. 2012,N.B./N.-B.,"123,684","56,820","4,002",45.94%,,,,,,
Feb. / fév. 2012,QUE./QUÉ.,"1,264,178","562,529","28,927",44.50%,,,,,,
Feb. / fév. 2012,ONTARIO,"1,848,752","523,026","27,340",28.29%,,,,,,
Feb. / fév. 2012,MANITOBA,"173,261","56,501","2,735",32.61%,,,,,,
Feb. / fév. 2012,SASKATCHEWAN,"152,338","52,035","2,533",34.16%,,,,,,
Feb. / fév. 2012,ALBERTA,"400,985","117,812","5,244",29.38%,,,,,,
Feb. / fév. 2012,B.C./C.-B.,"666,112","213,438","11,908",32.04%,,,,,,
Feb. / fév. 2012,YUKON,"3,111",862,42,27.71%,,,,,,
Feb. / fév. 2012,N.W.T./T.N.-O.,"3,476","1,611",113,46.35%,,,,,,
Feb. / fév. 2012,INTERNATIONAL AGREEMENTS /ACCORDS INTERNATIONAUX,"98,862","8,093",54,8.19%,,,,,,
Mar. / mar. 2012,NFLD.&LAB./T-N.&LAB.,"84,445","47,703","3,958",56.49%,,,,,,
Mar. / mar. 2012,P.E.I./Î.-P.-É.,"22,798","9,718",604,42.63%,,,,,,
Mar. / mar. 2012,N.S./N.-É.,"155,321","62,332","3,926",40.13%,,,,,,
Mar. / mar. 2012,N.B./N.-B.,"124,167","56,964","4,039",45.88%,,,,,,
Mar. / mar. 2012,QUE./QUÉ.,"1,267,365","562,988","29,264",44.42%,,,,,,
Mar. / mar. 2012,ONTARIO,"1,854,894","525,203","27,955",28.31%,,,,,,
Mar. / mar. 2012,MANITOBA,"173,708","56,708","2,835",32.65%,,,,,,
Mar. / mar. 2012,SASKATCHEWAN,"152,502","52,019","2,606",34.11%,,,,,,
Mar. / mar. 2012,ALBERTA,"402,422","118,293","5,279",29.40%,,,,,,
Mar. / mar. 2012,B.C./C.-B.,"668,600","215,530","12,082",32.24%,,,,,,
Mar. / mar. 2012,YUKON,"3,116",866,45,27.79%,,,,,,
Mar. / mar. 2012,N.W.T./T.N.-O.,"3,488","1,620",112,46.44%,,,,,,
Mar. / mar. 2012,INTERNATIONAL AGREEMENTS /ACCORDS INTERNATIONAUX,"99,151","8,119",55,8.19%,,,,,,
Apr. / avr. 2012,NFLD.&LAB./T-N.&LAB.,"84,782","47,763","3,980",56.34%,,,,,,
Apr. / avr. 2012,P.E.I./Î.-P.-É.,"22,918","9,737",599,42.49%,,,,,,
Apr. / avr. 2012,N.S./N.-É.,"155,915","62,476","3,948",40.07%,,,,,,
Apr. / avr. 2012,N.B./N.-B.,"124,731","57,261","4,081",45.91%,,,,,,
Apr. / avr. 2012,QUE./QUÉ.,"1,271,641","564,411","29,527",44.38%,,,,,,
Apr. / avr. 2012,ONTARIO,"1,863,386","527,344","28,318",28.30%,,,,,,
Apr. / avr. 2012,MANITOBA,"174,272","56,763","2,831",32.57%,,,,,,
Apr. / avr. 2012,SASKATCHEWAN,"152,835","51,999","2,596",34.02%,,,,,,
Apr. / avr. 2012,ALBERTA,"404,181","118,453","5,269",29.31%,,,,,,
Apr. / avr. 2012,B.C./C.-B.,"671,504","217,572","12,272",32.40%,,,,,,
Apr. / avr. 2012,YUKON,"3,126",868,46,27.77%,,,,,,
Apr. / avr. 2012,N.W.T./T.N.-O.,"3,504","1,627",110,46.43%,,,,,,
Apr. / avr. 2012,INTERNATIONAL AGREEMENTS /ACCORDS INTERNATIONAUX,"99,500","8,179",61,8.22%,,,,,,
May / mai 2012,NFLD.&LAB./T-N.&LAB.,"85,016","47,766","3,950",56.18%,,,,,,
May / mai 2012,P.E.I./Î.-P.-É.,"22,999","9,738",601,42.34%,,,,,,
May / mai 2012,N.S./N.-É.,"156,402","62,539","3,932",39.99%,,,,,,
May / mai 2012,N.B./N.-B.,"125,131","57,593","4,088",46.03%,,,,,,
May / mai 2012,QUE./QUÉ.,"1,275,604","564,880","29,661",44.28%,,,,,,
May / mai 2012,ONTARIO,"1,869,009","529,072","28,257",28.31%,,,,,,
May / mai 2012,MANITOBA,"174,737","56,764","2,820",32.49%,,,,,,
May / mai 2012,SASKATCHEWAN,"153,050","51,926","2,542",33.93%,,,,,,
May / mai 2012,ALBERTA,"405,485","118,468","5,242",29.22%,,,,,,
May / mai 2012,B.C./C.-B.,"673,910","218,360","12,320",32.40%,,,,,,
May / mai 2012,YUKON,"3,148",882,45,28.02%,,,,,,
May / mai 2012,N.W.T./T.N.-O.,"3,522","1,632",108,46.34%,,,,,,
May / mai 2012,INTERNATIONAL AGREEMENTS /ACCORDS INTERNATIONAUX,"99,570","8,197",59,8.23%,,,,,,
June / juin 2012,NFLD.&LAB./T-N.&LAB.,"85,343","47,774","3,956",55.98%,,,,,,
June / juin 2012,P.E.I./Î.-P.-É.,"23,127","9,730",589,42.07%,,,,,,
June / juin 2012,N.S./N.-É.,"157,110","62,698","3,921",39.91%,,,,,,
June / juin 2012,N.B./N.-B.,"125,692","57,838","4,076",46.02%,,,,,,
June / juin 2012,QUE./QUÉ.,"1,279,945","565,110","29,542",44.15%,,,,,,
June / juin 2012,ONTARIO,"1,876,464","530,780","28,061",28.29%,,,,,,
June / juin 2012,MANITOBA,"175,365","56,758","2,797",32.37%,,,,,,
June / juin 2012,SASKATCHEWAN,"153,436","51,901","2,516",33.83%,,,,,,
June / juin 2012,ALBERTA,"407,331","118,585","5,182",29.11%,,,,,,
June / juin 2012,B.C./C.-B.,"676,795","218,841","12,281",32.33%,,,,,,
June / juin 2012,YUKON,"3,172",897,44,28.28%,,,,,,
June / juin 2012,N.W.T./T.N.-O.,"3,524","1,630",108,46.25%,,,,,,
June / juin 2012,INTERNATIONAL AGREEMENTS /ACCORDS INTERNATIONAUX,"99,766","8,195",59,8.21%,,,,,,
Jul. / juil. 2012,NFLD.&LAB./T-N.&LAB.,"85,632","45,964","3,664",53.68%,,,,,,
Jul. / juil. 2012,P.E.I./Î.-P.-É.,"23,229","9,330",543,40.17%,,,,,,
Jul. / juil. 2012,N.S./N.-É.,"157,787","58,832","3,493",37.29%,,,,,,
Jul. / juil. 2012,N.B./N.-B.,"126,278","55,986","3,771",44.34%,,,,,,
Jul. / juil. 2012,QUE./QUÉ.,"1,284,907","543,969","27,319",42.34%,,,,,,
Jul. / juil. 2012,ONTARIO,"1,883,599","492,683","25,233",26.16%,,,,,,
Jul. / juil. 2012,MANITOBA,"175,942","52,180","2,508",29.66%,,,,,,
Jul. / juil. 2012,SASKATCHEWAN,"153,783","47,410","2,171",30.83%,,,,,,
Jul. / juil. 2012,ALBERTA,"409,180","108,060","4,554",26.41%,,,,,,
Jul. / juil. 2012,B.C./C.-B.,"679,302","198,100","10,997",29.16%,,,,,,
Jul. / juil. 2012,YUKON,"3,189",749,35,23.49%,,,,,,
Jul. / juil. 2012,N.W.T./T.N.-O.,"3,533","1,473",97,41.69%,,,,,,
Jul. / juil. 2012,INTERNATIONAL AGREEMENTS /ACCORDS INTERNATIONAUX,"100,191","7,616",49,7.60%,,,,,,
Aug. / août 2012,NFLD.&LAB./T-N.&LAB.,"85,998","46,674","3,721",54.27%,,,,,,
Aug. / août 2012,P.E.I./Î.-P.-É.,"23,309","9,499",551,40.75%,,,,,,
Aug. / août 2012,N.S./N.-É.,"158,432","60,363","3,666",38.10%,,,,,,
Aug. / août 2012,N.B./N.-B.,"126,817","57,055","3,839",44.99%,,,,,,
Aug. / août 2012,QUE./QUÉ.,"1,289,150","555,817","27,987",43.11%,,,,,,
Aug. / août 2012,ONTARIO,"1,890,381","503,646","25,739",26.64%,,,,,,
Aug. / août 2012,MANITOBA,"176,577","52,966","2,534",30.00%,,,,,,
Aug. / août 2012,SASKATCHEWAN,"154,040","48,198","2,246",31.29%,,,,,,
Aug. / août 2012,ALBERTA,"410,988","109,391","4,609",26.62%,,,,,,
Aug. / août 2012,B.C./C.-B.,"682,132","201,810","11,194",29.59%,,,,,,
Aug. / août 2012,YUKON,"3,204",782,37,24.41%,,,,,,
Aug. / août 2012,N.W.T./T.N.-O.,"3,540","1,488",102,42.03%,,,,,,
Aug. / août 2012,INTERNATIONAL AGREEMENTS /ACCORDS INTERNATIONAUX,"99,563","7,808",54,7.84%,,,,,,
Sept. / sept. 2012,NFLD.&LAB./T-N.&LAB.,"86,400","47,277","3,719",54.72%,,,,,,
Sept. / sept. 2012,P.E.I./Î.-P.-É.,"23,396","9,656",558,41.27%,,,,,,
Sept. / sept. 2012,N.S./N.-É.,"159,050","61,271","3,670",38.52%,,,,,,
Sept. / sept. 2012,N.B./N.-B.,"127,258","57,726","3,838",45.36%,,,,,,
Sept. / sept. 2012,QUE./QUÉ.,"1,293,733","559,564","28,035",43.25%,,,,,,
Sept. / sept. 2012,ONTARIO,"1,897,864","512,845","25,793",27.02%,,,,,,
Sept. / sept. 2012,MANITOBA,"177,227","53,617","2,565",30.25%,,,,,,
Sept. / sept. 2012,SASKATCHEWAN,"154,330","48,660","2,255",31.53%,,,,,,
Sept. / sept. 2012,ALBERTA,"412,770","110,746","4,649",26.83%,,,,,,
Sept. / sept. 2012,B.C./C.-B.,"684,885","204,741","11,260",29.89%,,,,,,
Sept. / sept. 2012,YUKON,"3,224",799,36,24.78%,,,,,,
Sept. / sept. 2012,N.W.T./T.N.-O.,"3,554","1,504",102,42.32%,,,,,,
Sept. / sept. 2012,INTERNATIONAL AGREEMENTS /ACCORDS INTERNATIONAUX,"99,835","7,854",55,7.87%,,,,,,
Oct. / oct. 2012,NFLD.&LAB./T-N.&LAB.,"86,803","47,469","3,696",54.69%,,,,,,
Oct. / oct. 2012,P.E.I./Î.-P.-É.,"23,497","9,700",554,41.28%,,,,,,
Oct. / oct. 2012,N.S./N.-É.,"159,592","61,571","3,705",38.58%,,,,,,
Oct. / oct. 2012,N.B./N.-B.,"127,765","58,147","3,813",45.51%,,,,,,
Oct. / oct. 2012,QUE./QUÉ.,"1,297,513","564,366","28,333",43.50%,,,,,,
Oct. / oct. 2012,ONTARIO,"1,904,006","524,313","26,304",27.54%,,,,,,
Oct. / oct. 2012,MANITOBA,"177,602","54,225","2,580",30.53%,,,,,,
Oct. / oct. 2012,SASKATCHEWAN,"154,491","49,244","2,266",31.87%,,,,,,
Oct. / oct. 2012,ALBERTA,"414,025","112,446","4,738",27.16%,,,,,,
Oct. / oct. 2012,B.C./C.-B.,"686,985","208,208","11,387",30.31%,,,,,,
Oct. / oct. 2012,YUKON,"3,234",814,38,25.17%,,,,,,
Oct. / oct. 2012,N.W.T./T.N.-O.,"3,567","1,523",103,42.70%,,,,,,
Oct. / oct. 2012,INTERNATIONAL AGREEMENTS /ACCORDS INTERNATIONAUX,"100,040","7,935",55,7.93%,,,,,,
Nov. / nov. 2012,NFLD.&LAB./T-N.&LAB.,"87,132","47,604","3,669",54.63%,,,,,,
Nov. / nov. 2012,P.E.I./Î.-P.-É.,"23,593","9,744",542,41.30%,,,,,,
Nov. / nov. 2012,N.S./N.-É.,"160,233","61,948","3,687",38.66%,,,,,,
Nov. / nov. 2012,N.B./N.-B.,"128,247","58,367","3,834",45.51%,,,,,,
Nov. / nov. 2012,QUE./QUÉ.,"1,301,390","566,929","28,383",43.56%,,,,,,
Nov. / nov. 2012,ONTARIO,"1,909,599","529,762","26,304",27.74%,,,,,,
Nov. / nov. 2012,MANITOBA,"178,001","54,647","2,566",30.70%,,,,,,
Nov. / nov. 2012,SASKATCHEWAN,"154,682","49,560","2,260",32.04%,,,,,,
Nov. / nov. 2012,ALBERTA,"415,458","113,750","4,741",27.38%,,,,,,
Nov. / nov. 2012,B.C./C.-B.,"689,614","210,583","11,436",30.54%,,,,,,
Nov. / nov. 2012,YUKON,"3,248",829,36,25.52%,,,,,,
Nov. / nov. 2012,N.W.T./T.N.-O.,"3,586","1,552",108,43.28%,,,,,,
Nov. / nov. 2012,INTERNATIONAL AGREEMENTS /ACCORDS INTERNATIONAUX,"100,328","7,966",56,7.94%,,,,,,
Dec. / déc. 2012,NFLD.&LAB./T-N.&LAB.,"87,404","47,770","3,683",54.65%,,,,,,
Dec. / déc. 2012,P.E.I./Î.-P.-É.,"23,692","9,766",546,41.22%,,,,,,
Dec. / déc. 2012,N.S./N.-É.,"160,797","62,274","3,682",38.73%,,,,,,
Dec. / déc. 2012,N.B./N.-B.,"128,658","58,624","3,844",45.57%,,,,,,
Dec. / déc. 2012,QUE./QUÉ.,"1,304,924","568,139","28,391",43.54%,,,,,,
Dec. / déc. 2012,ONTARIO,"1,914,915","533,409","26,354",27.86%,,,,,,
Dec. / déc. 2012,MANITOBA,"178,394","54,949","2,553",30.80%,,,,,,
Dec. / déc. 2012,SASKATCHEWAN,"154,872","49,835","2,241",32.18%,,,,,,
Dec. / déc. 2012,ALBERTA,"416,851","114,801","4,744",27.54%,,,,,,
Dec. / déc. 2012,B.C./C.-B.,"691,944","212,638","11,480",30.73%,,,,,,
Dec. / déc. 2012,YUKON,"3,268",845,35,25.86%,,,,,,
Dec. / déc. 2012,N.W.T./T.N.-O.,"3,607","1,570",113,43.53%,,,,,,
Dec. / déc. 2012,INTERNATIONAL AGREEMENTS /ACCORDS INTERNATIONAUX,"100,646","7,988",53,7.94%,,,,,,
Jan. / jan. 2013,NFLD.&LAB./T-N.&LAB.,"87,695","47,951","3,696",54.68%,,,,,,
Jan. / jan. 2013,P.E.I./Î.-P.-É.,"23,753","9,825",547,41.36%,,,,,,
Jan. / jan. 2013,N.S./N.-É.,"161,249","62,664","3,654",38.86%,,,,,,
Jan. / jan. 2013,N.B./N.-B.,"129,011","58,836","3,864",45.61%,,,,,,
Jan. / jan. 2013,QUE./QUÉ.,"1,307,573","568,876","28,380",43.51%,,,,,,
Jan. / jan. 2013,ONTARIO,"1,919,191","538,401","26,548",28.05%,,,,,,
Jan. / jan. 2013,MANITOBA,"178,680","55,161","2,541",30.87%,,,,,,
Jan. / jan. 2013,SASKATCHEWAN,"154,944","49,971","2,214",32.25%,,,,,,
Jan. / jan. 2013,ALBERTA,"417,791","115,467","4,725",27.64%,,,,,,
Jan. / jan. 2013,B.C./C.-B.,"693,977","214,558","11,474",30.92%,,,,,,
Jan. / jan. 2013,YUKON,"3,294",865,32,26.26%,,,,,,
Jan. / jan. 2013,N.W.T./T.N.-O.,"3,606","1,573",115,43.62%,,,,,,
Jan. / jan. 2013,INTERNATIONAL AGREEMENTS /ACCORDS INTERNATIONAUX,"100,820","7,996",51,7.93%,,,,,,
Feb. / fév. 2013,NFLD.&LAB./T-N.&LAB.,"87,952","48,009","3,682",54.59%,,,,,,
Feb. / fév. 2013,P.E.I./Î.-P.-É.,"23,802","9,862",548,41.43%,,,,,,
Feb. / fév. 2013,N.S./N.-É.,"161,619","62,874","3,634",38.90%,,,,,,
Feb. / fév. 2013,N.B./N.-B.,"129,255","58,870","3,874",45.55%,,,,,,
Feb. / fév. 2013,QUE./QUÉ.,"1,309,840","568,999","28,219",43.44%,,,,,,
Feb. / fév. 2013,ONTARIO,"1,923,069","544,661","26,496",28.32%,,,,,,
Feb. / fév. 2013,MANITOBA,"178,969","55,451","2,534",30.98%,,,,,,
Feb. / fév. 2013,SASKATCHEWAN,"154,983","50,126","2,217",32.34%,,,,,,
Feb. / fév. 2013,ALBERTA,"418,944","116,185","4,720",27.73%,,,,,,
Feb. / fév. 2013,B.C./C.-B.,"695,959","217,063","11,496",31.19%,,,,,,
Feb. / fév. 2013,YUKON,"3,322",874,30,26.31%,,,,,,
Feb. / fév. 2013,N.W.T./T.N.-O.,"3,621","1,591",113,43.94%,,,,,,
Feb. / fév. 2013,INTERNATIONAL AGREEMENTS /ACCORDS INTERNATIONAUX,"98,231","6,721",18,6.84%,,,,,,
Mar. / mar. 2013,NFLD.&LAB./T-N.&LAB.,"88,197","48,082","3,670",54.52%,,,,,,
Mar. / mar. 2013,P.E.I./Î.-P.-É.,"23,888","9,906",543,41.47%,,,,,,
Mar. / mar. 2013,N.S./N.-É.,"161,968","63,570","3,609",39.25%,,,,,,
Mar. / mar. 2013,N.B./N.-B.,"129,640","59,097","3,850",45.59%,,,,,,
Mar. / mar. 2013,QUE./QUÉ.,"1,312,559","570,181","28,045",43.44%,,,,,,
Mar. / mar. 2013,ONTARIO,"1,930,375","550,870","26,413",28.54%,,,,,,
Mar. / mar. 2013,MANITOBA,"179,319","55,990","2,534",31.22%,,,,,,
Mar. / mar. 2013,SASKATCHEWAN,"155,178","50,547","2,223",32.57%,,,,,,
Mar. / mar. 2013,ALBERTA,"420,376","117,761","4,710",28.01%,,,,,,
Mar. / mar. 2013,B.C./C.-B.,"698,003","219,675","11,543",31.47%,,,,,,
Mar. / mar. 2013,YUKON,"3,341",882,30,26.40%,,,,,,
Mar. / mar. 2013,N.W.T./T.N.-O.,"3,629","1,597",111,44.01%,,,,,,
Mar. / mar. 2013,INTERNATIONAL AGREEMENTS /ACCORDS INTERNATIONAUX,"98,337","8,015",53,8.15%,,,,,,
Apr. / avr. 2013,NFLD.&LAB./T-N.&LAB.,"88,369","48,326","3,704",54.69%,,,,,,
Apr. / avr. 2013,P.E.I./Î.-P.-É.,"23,984","9,903",546,41.29%,,,,,,
Apr. / avr. 2013,N.S./N.-É.,"162,394","63,787","3,607",39.28%,,,,,,
Apr. / avr. 2013,N.B./N.-B.,"130,017","59,270","3,847",45.59%,,,,,,
Apr. / avr. 2013,QUE./QUÉ.,"1,316,662","576,378","27,978",43.78%,,,,,,
Apr. / avr. 2013,ONTARIO,"1,937,236","555,615","26,477",28.68%,,,,,,
Apr. / avr. 2013,MANITOBA,"179,760","56,669","2,544",31.52%,,,,,,
Apr. / avr. 2013,SASKATCHEWAN,"155,388","50,887","2,220",32.75%,,,,,,
Apr. / avr. 2013,ALBERTA,"422,060","119,239","4,682",28.25%,,,,,,
Apr. / avr. 2013,B.C./C.-B.,"700,434","222,211","11,578",31.72%,,,,,,
Apr. / avr. 2013,YUKON,"3,365",886,31,26.33%,,,,,,
Apr. / avr. 2013,N.W.T./T.N.-O.,"3,659","1,616",109,44.17%,,,,,,
Apr. / avr. 2013,INTERNATIONAL AGREEMENTS /ACCORDS INTERNATIONAUX,"98,609","8,060",56,8.17%,,,,,,
May / mai 2013,NFLD.&LAB./T-N.&LAB.,"88,661","48,338","3,697",54.52%,,,,,,
May / mai 2013,P.E.I./Î.-P.-É.,"24,038","9,910",536,41.23%,,,,,,
May / mai 2013,N.S./N.-É.,"162,860","63,822","3,577",39.19%,,,,,,
May / mai 2013,N.B./N.-B.,"130,458","59,391","3,836",45.52%,,,,,,
May / mai 2013,QUE./QUÉ.,"1,320,704","577,854","27,816",43.75%,,,,,,
May / mai 2013,ONTARIO,"1,943,290","557,635","26,422",28.70%,,,,,,
May / mai 2013,MANITOBA,"180,170","56,875","2,546",31.57%,,,,,,
May / mai 2013,SASKATCHEWAN,"155,726","51,035","2,203",32.77%,,,,,,
May / mai 2013,ALBERTA,"423,520","119,451","4,627",28.20%,,,,,,
May / mai 2013,B.C./C.-B.,"702,529","223,097","11,499",31.76%,,,,,,
May / mai 2013,YUKON,"3,383",892,31,26.37%,,,,,,
May / mai 2013,N.W.T./T.N.-O.,"3,658","1,609",107,43.99%,,,,,,
May / mai 2013,INTERNATIONAL AGREEMENTS /ACCORDS INTERNATIONAUX,"98,916","8,048",55,8.14%,,,,,,
June / juin 2013,NFLD.&LAB./T-N.&LAB.,"89,003","48,461","3,684",54.45%,,,,,,
June / juin 2013,P.E.I./Î.-P.-É.,"24,122","9,901",527,41.05%,,,,,,
June / juin 2013,N.S./N.-É.,"163,304","63,869","3,539",39.11%,,,,,,
June / juin 2013,N.B./N.-B.,"131,035","59,437","3,788",45.36%,,,,,,
June / juin 2013,QUE./QUÉ.,"1,325,184","578,614","27,624",43.66%,,,,,,
June / juin 2013,ONTARIO,"1,949,494","559,120","26,338",28.68%,,,,,,
June / juin 2013,MANITOBA,"180,705","57,016","2,533",31.55%,,,,,,
June / juin 2013,SASKATCHEWAN,"156,121","51,162","2,170",32.77%,,,,,,
June / juin 2013,ALBERTA,"424,959","119,650","4,579",28.16%,,,,,,
June / juin 2013,B.C./C.-B.,"705,281","223,796","11,374",31.73%,,,,,,
June / juin 2013,YUKON,"3,397",902,31,26.55%,,,,,,
June / juin 2013,N.W.T./T.N.-O.,"3,669","1,600",103,43.61%,,,,,,
June / juin 2013,INTERNATIONAL AGREEMENTS /ACCORDS INTERNATIONAUX,"99,346","8,072",55,8.13%,,,,,,
Jul. / juil. 2013,NFLD.&LAB./T-N.&LAB.,"89,292","46,174","3,474",51.71%,,,,,,
Jul. / juil. 2013,P.E.I./Î.-P.-É.,"24,206","9,121",453,37.68%,,,,,,
Jul. / juil. 2013,N.S./N.-É.,"163,760","59,529","3,187",36.35%,,,,,,
Jul. / juil. 2013,N.B./N.-B.,"131,437","56,937","3,432",43.32%,,,,,,
Jul. / juil. 2013,QUE./QUÉ.,"1,328,908","550,360","25,552",41.41%,,,,,,
Jul. / juil. 2013,ONTARIO,"1,954,148","511,077","23,886",26.15%,,,,,,
Jul. / juil. 2013,MANITOBA,"181,156","52,485","2,265",28.97%,,,,,,
Jul. / juil. 2013,SASKATCHEWAN,"156,400","46,627","1,931",29.81%,,,,,,
Jul. / juil. 2013,ALBERTA,"426,289","108,726","4,056",25.51%,,,,,,
Jul. / juil. 2013,B.C./C.-B.,"707,307","202,402","10,238",28.62%,,,,,,
Jul. / juil. 2013,YUKON,"3,419",793,29,23.19%,,,,,,
Jul. / juil. 2013,N.W.T./T.N.-O.,"3,681","1,409",77,38.28%,,,,,,
Jul. / juil. 2013,INTERNATIONAL AGREEMENTS /ACCORDS INTERNATIONAUX,"99,845","7,181",49,7.19%,,,,,,
Aug. / août 2013,NFLD.&LAB./T-N.&LAB.,"89,629","47,052","3,521",52.50%,,,,,,
Aug. / août 2013,P.E.I./Î.-P.-É.,"24,322","9,369",479,38.52%,,,,,,
Aug. / août 2013,N.S./N.-É.,"164,335","61,070","3,363",37.16%,,,,,,
Aug. / août 2013,N.B./N.-B.,"131,999","57,868","3,537",43.84%,,,,,,
Aug. / août 2013,QUE./QUÉ.,"1,333,353","561,450","26,077",42.11%,,,,,,
Aug. / août 2013,ONTARIO,"1,960,517","521,040","24,312",26.58%,,,,,,
Aug. / août 2013,MANITOBA,"181,619","53,041","2,322",29.20%,,,,,,
Aug. / août 2013,SASKATCHEWAN,"156,749","47,185","1,983",30.10%,,,,,,
Aug. / août 2013,ALBERTA,"427,666","109,790","4,054",25.67%,,,,,,
Aug. / août 2013,B.C./C.-B.,"709,710","205,960","10,387",29.02%,,,,,,
Aug. / août 2013,YUKON,"3,425",814,28,23.77%,,,,,,
Aug. / août 2013,N.W.T./T.N.-O.,"3,691","1,424",73,38.58%,,,,,,
Aug. / août 2013,INTERNATIONAL AGREEMENTS /ACCORDS INTERNATIONAUX,"98,243","7,546",50,7.68%,,,,,,
Sept. / sept. 2013,NFLD.&LAB./T-N.&LAB.,"89,960","47,613","3,540",52.93%,,,,,,
Sept. / sept. 2013,P.E.I./Î.-P.-É.,"24,390","9,501",492,38.95%,,,,,,
Sept. / sept. 2013,N.S./N.-É.,"164,724","62,204","3,375",37.76%,,,,,,
Sept. / sept. 2013,N.B./N.-B.,"132,396","58,374","3,574",44.09%,,,,,,
Sept. / sept. 2013,QUE./QUÉ.,"1,337,467","566,937","26,286",42.39%,,,,,,
Sept. / sept. 2013,ONTARIO,"1,966,706","538,050","25,001",27.36%,,,,,,
Sept. / sept. 2013,MANITOBA,"182,052","53,767","2,351",29.53%,,,,,,
Sept. / sept. 2013,SASKATCHEWAN,"156,956","47,854","2,018",30.49%,,,,,,
Sept. / sept. 2013,ALBERTA,"428,921","111,408","4,039",25.97%,,,,,,
Sept. / sept. 2013,B.C./C.-B.,"711,716","210,197","10,472",29.53%,,,,,,
Sept. / sept. 2013,YUKON,"3,443",830,30,24.11%,,,,,,
Sept. / sept. 2013,N.W.T./T.N.-O.,"3,712","1,444",71,38.90%,,,,,,
Sept. / sept. 2013,INTERNATIONAL AGREEMENTS /ACCORDS INTERNATIONAUX,"98,894","7,725",52,7.81%,,,,,,
Oct. / oct. 2013,NFLD.&LAB./T-N.&LAB.,"90,416","47,949","3,548",53.03%,,,,,,
Oct. / oct. 2013,P.E.I./Î.-P.-É.,"24,483","9,569",494,39.08%,,,,,,
Oct. / oct. 2013,N.S./N.-É.,"165,173","63,077","3,362",38.19%,,,,,,
Oct. / oct. 2013,N.B./N.-B.,"132,799","58,719","3,613",44.22%,,,,,,
Oct. / oct. 2013,QUE./QUÉ.,"1,341,941","571,258","26,456",42.57%,,,,,,
Oct. / oct. 2013,ONTARIO,"1,972,706","546,064","25,196",27.68%,,,,,,
Oct. / oct. 2013,MANITOBA,"182,511","54,467","2,369",29.84%,,,,,,
Oct. / oct. 2013,SASKATCHEWAN,"157,237","48,391","2,016",30.78%,,,,,,
Oct. / oct. 2013,ALBERTA,"430,311","112,785","4,011",26.21%,,,,,,
Oct. / oct. 2013,B.C./C.-B.,"713,674","213,544","10,536",29.92%,,,,,,
Oct. / oct. 2013,YUKON,"3,460",850,30,24.57%,,,,,,
Oct. / oct. 2013,N.W.T./T.N.-O.,"3,715","1,468",71,39.52%,,,,,,
Oct. / oct. 2013,INTERNATIONAL AGREEMENTS /ACCORDS INTERNATIONAUX,"99,560","7,827",51,7.86%,,,,,,
Nov. / nov. 2013,NFLD.&LAB./T-N.&LAB.,"90,800","48,148","3,537",53.03%,,,,,,
Nov. / nov. 2013,P.E.I./Î.-P.-É.,"24,528","9,598",502,39.13%,,,,,,
Nov. / nov. 2013,N.S./N.-É.,"165,686","63,245","3,357",38.17%,,,,,,
Nov. / nov. 2013,N.B./N.-B.,"133,262","59,034","3,619",44.30%,,,,,,
Nov. / nov. 2013,QUE./QUÉ.,"1,345,961","573,590","26,562",42.62%,,,,,,
Nov. / nov. 2013,ONTARIO,"1,978,315","551,682","25,286",27.89%,,,,,,
Nov. / nov. 2013,MANITOBA,"182,858","54,800","2,372",29.97%,,,,,,
Nov. / nov. 2013,SASKATCHEWAN,"157,438","48,721","2,034",30.95%,,,,,,
Nov. / nov. 2013,ALBERTA,"431,395","113,712","3,996",26.36%,,,,,,
Nov. / nov. 2013,B.C./C.-B.,"715,784","215,827","10,513",30.15%,,,,,,
Nov. / nov. 2013,YUKON,"3,470",867,29,24.99%,,,,,,
Nov. / nov. 2013,N.W.T./T.N.-O.,"3,735","1,505",73,40.29%,,,,,,
Nov. / nov. 2013,INTERNATIONAL AGREEMENTS /ACCORDS INTERNATIONAUX,"100,324","7,895",54,7.87%,,,,,,
Dec. / déc. 2013,NFLD.&LAB./T-N.&LAB.,"91,145","48,286","3,545",52.98%,,,,,,
Dec. / déc. 2013,P.E.I./Î.-P.-É.,"24,589","9,645",512,39.22%,,,,,,
Dec. / déc. 2013,N.S./N.-É.,"166,136","63,358","3,394",38.14%,,,,,,
Dec. / déc. 2013,N.B./N.-B.,"133,652","59,219","3,607",44.31%,,,,,,
Dec. / déc. 2013,QUE./QUÉ.,"1,349,781","575,292","26,588",42.62%,,,,,,
Dec. / déc. 2013,ONTARIO,"1,983,492","556,162","25,421",28.04%,,,,,,
Dec. / déc. 2013,MANITOBA,"183,173","55,010","2,385",30.03%,,,,,,
Dec. / déc. 2013,SASKATCHEWAN,"157,593","48,885","2,016",31.02%,,,,,,
Dec. / déc. 2013,ALBERTA,"432,558","114,469","4,003",26.46%,,,,,,
Dec. / déc. 2013,B.C./C.-B.,"717,449","217,983","10,557",30.38%,,,,,,
Dec. / déc. 2013,YUKON,"3,478",884,32,25.42%,,,,,,
Dec. / déc. 2013,N.W.T./T.N.-O.,"3,745","1,518",74,40.53%,,,,,,
Dec. / déc. 2013,INTERNATIONAL AGREEMENTS /ACCORDS INTERNATIONAUX,"100,815","7,946",58,7.88%,,,,,,
Jan. / jan. 2014,NFLD.&LAB./T-N.&LAB.,"91,506","48,329","3,530",52.82%,,,,,,
Jan. / jan. 2014,P.E.I./Î.-P.-É.,"24,662","9,667",499,39.20%,,,,,,
Jan. / jan. 2014,N.S./N.-É.,"166,539","63,397","3,398",38.07%,,,,,,
Jan. / jan. 2014,N.B./N.-B.,"134,034","59,288","3,616",44.23%,,,,,,
Jan. / jan. 2014,QUE./QUÉ.,"1,353,394","576,698","26,599",42.61%,,,,,,
Jan. / jan. 2014,ONTARIO,"1,987,548","558,397","25,305",28.09%,,,,,,
Jan. / jan. 2014,MANITOBA,"183,398","55,144","2,388",30.64%,,,,,,
Jan. / jan. 2014,SASKATCHEWAN,"157,612","48,975","1,999",25.64%,,,,,,
Jan. / jan. 2014,ALBERTA,"433,713","114,951","3,961",40.86%,,,,,,
Jan. / jan. 2014,B.C./C.-B.,"719,049","220,287","10,482",33.42%,,,,,,
Jan. / jan. 2014,YUKON,"3,498",897,34,0.00%,,,,,,
Jan. / jan. 2014,N.W.T./T.N.-O.,"3,754","1,534",75,0.00%,,,,,,
Jan. / jan. 2014,INTERNATIONAL AGREEMENTS /ACCORDS INTERNATIONAUX,"101,183","7,953",56,7.86%,,,,,,
Feb. / fév. 2014,NFLD.&LAB./T-N.&LAB.,"91,806","48,325","3,517",52.64%,,,,,,
Feb. / fév. 2014,P.E.I./Î.-P.-É.,"24,741","9,707",495,39.23%,,,,,,
Feb. / fév. 2014,N.S./N.-É.,"166,861","63,500","3,384",38.06%,,,,,,
Feb. / fév. 2014,N.B./N.-B.,"134,362","59,268","3,618",44.11%,,,,,,
Feb. / fév. 2014,QUE./QUÉ.,"1,356,472","578,870","26,498",42.67%,,,,,,
Feb. / fév. 2014,ONTARIO,"1,991,914","560,056","25,232",28.12%,,,,,,
Feb. / fév. 2014,MANITOBA,"183,582","55,270","2,368",30.96%,,,,,,
Feb. / fév. 2014,SASKATCHEWAN,"157,677","49,004","1,975",25.91%,,,,,,
Feb. / fév. 2014,ALBERTA,"434,532","115,991","3,918",41.04%,,,,,,
Feb. / fév. 2014,B.C./C.-B.,"720,739","223,158","10,457",33.50%,,,,,,
Feb. / fév. 2014,YUKON,"3,501",907,35,0.00%,,,,,,
Feb. / fév. 2014,N.W.T./T.N.-O.,"3,762","1,544",75,0.00%,,,,,,
Feb. / fév. 2014,INTERNATIONAL AGREEMENTS /ACCORDS INTERNATIONAUX,"101,660","7,992",55,7.86%,,,,,,
Mar. / mar. 2014,NFLD.&LAB./T-N.&LAB.,"92,043","48,391","3,537",52.57%,,,,,,
Mar. / mar. 2014,P.E.I./Î.-P.-É.,"24,825","9,709",501,39.11%,,,,,,
Mar. / mar. 2014,N.S./N.-É.,"167,281","63,579","3,385",38.01%,,,,,,
Mar. / mar. 2014,N.B./N.-B.,"134,676","59,358","3,605",44.07%,,,,,,
Mar. / mar. 2014,QUE./QUÉ.,"1,359,154","580,784","26,421",42.73%,,,,,,
Mar. / mar. 2014,ONTARIO,"1,996,140","561,828","25,583",28.15%,,,,,,
Mar. / mar. 2014,MANITOBA,"183,835","55,570","2,379",31.09%,,,,,,
Mar. / mar. 2014,SASKATCHEWAN,"157,849","49,100","1,993",25.78%,,,,,,
Mar. / mar. 2014,ALBERTA,"435,657","116,764","3,984",41.07%,,,,,,
Mar. / mar. 2014,B.C./C.-B.,"722,736","224,678","10,520",33.56%,,,,,,
Mar. / mar. 2014,YUKON,"3,510",905,36,0.00%,,,,,,
Mar. / mar. 2014,N.W.T./T.N.-O.,"3,764","1,546",74,0.00%,,,,,,
Mar. / mar. 2014,INTERNATIONAL AGREEMENTS /ACCORDS INTERNATIONAUX,"101,980","8,004",55,7.85%,,,,,,
Apr. / avr. 2014,NFLD.&LAB./T-N.&LAB.,"92,191","48,384","3,568",52.48%,,,,,,
Apr. / avr. 2014,P.E.I./Î.-P.-É.,"24,890","9,740",508,39.13%,,,,,,
Apr. / avr. 2014,N.S./N.-É.,"167,650","63,633","3,441",37.96%,,,,,,
Apr. / avr. 2014,N.B./N.-B.,"135,087","59,442","3,612",44.00%,,,,,,
Apr. / avr. 2014,QUE./QUÉ.,"1,362,929","582,038","26,342",42.70%,,,,,,
Apr. / avr. 2014,ONTARIO,"2,000,235","563,466","26,017",28.17%,,,,,,
Apr. / avr. 2014,MANITOBA,"184,068","55,690","2,424",31.21%,,,,,,
Apr. / avr. 2014,SASKATCHEWAN,"158,045","49,101","2,013",25.90%,,,,,,
Apr. / avr. 2014,ALBERTA,"436,546","117,223","4,091",41.16%,,,,,,
Apr. / avr. 2014,B.C./C.-B.,"725,134","226,297","10,865",33.57%,,,,,,
Apr. / avr. 2014,YUKON,"3,517",911,36,0.00%,,,,,,
Apr. / avr. 2014,N.W.T./T.N.-O.,"3,778","1,555",76,0.00%,,,,,,
Apr. / avr. 2014,INTERNATIONAL AGREEMENTS /ACCORDS INTERNATIONAUX,"102,345","8,028",56,7.84%,,,,,,
May / mai 2014,NFLD.&LAB./T-N.&LAB.,"92,484","48,388","3,565",52.32%,,,,,,
May / mai 2014,P.E.I./Î.-P.-É.,"24,979","9,751",510,39.04%,,,,,,
May / mai 2014,N.S./N.-É.,"168,173","63,673","3,456",37.86%,,,,,,
May / mai 2014,N.B./N.-B.,"135,511","59,388","3,575",43.83%,,,,,,
May / mai 2014,QUE./QUÉ.,"1,366,825","582,033","26,300",42.58%,,,,,,
May / mai 2014,ONTARIO,"2,005,465","564,071","25,969",28.13%,,,,,,
May / mai 2014,MANITOBA,"184,360","55,504","2,412",31.18%,,,,,,
May / mai 2014,SASKATCHEWAN,"158,423","49,105","2,000",25.63%,,,,,,
May / mai 2014,ALBERTA,"438,023","117,277","4,057",40.92%,,,,,,
May / mai 2014,B.C./C.-B.,"727,674","226,895","10,853",33.50%,,,,,,
May / mai 2014,YUKON,"3,543",908,36,0.00%,,,,,,
May / mai 2014,N.W.T./T.N.-O.,"3,800","1,555",78,0.00%,,,,,,
May / mai 2014,INTERNATIONAL AGREEMENTS /ACCORDS INTERNATIONAUX,"102,554","8,037",56,7.84%,,,,,,
June / juin 2014,NFLD.&LAB./T-N.&LAB.,"92,800","48,357","3,551",52.11%,,,,,,
June / juin 2014,P.E.I./Î.-P.-É.,"25,094","9,758",501,38.89%,,,,,,
June / juin 2014,N.S./N.-É.,"168,775","63,807","3,466",37.81%,,,,,,
June / juin 2014,N.B./N.-B.,"136,027","59,418","3,580",43.68%,,,,,,
June / juin 2014,QUE./QUÉ.,"1,371,781","582,271","26,283",42.45%,,,,,,
June / juin 2014,ONTARIO,"2,011,091","564,623","25,826",28.08%,,,,,,
June / juin 2014,MANITOBA,"184,921","55,531","2,409",31.15%,,,,,,
June / juin 2014,SASKATCHEWAN,"158,826","49,104","1,996",25.66%,,,,,,
June / juin 2014,ALBERTA,"439,660","117,327","4,017",40.76%,,,,,,
June / juin 2014,B.C./C.-B.,"730,112","227,433","10,863",33.42%,,,,,,
June / juin 2014,YUKON,"3,558",913,35,0.00%,,,,,,
June / juin 2014,N.W.T./T.N.-O.,"3,820","1,557",79,0.00%,,,,,,
June / juin 2014,INTERNATIONAL AGREEMENTS /ACCORDS INTERNATIONAUX,"103,244","8,040",59,7.79%,,,,,,
Jul. / juil. 2014,NFLD.&LAB./T-N.&LAB.,"93,034","45,750","3,329",49.18%,,,,,,
Jul. / juil. 2014,P.E.I./Î.-P.-É.,"25,156","8,982",443,35.71%,,,,,,
Jul. / juil. 2014,N.S./N.-É.,"169,168","59,938","3,127",35.43%,,,,,,
Jul. / juil. 2014,N.B./N.-B.,"136,450","55,790","3,213",40.89%,,,,,,
Jul. / juil. 2014,QUE./QUÉ.,"1,375,140","545,159","24,178",39.64%,,,,,,
Jul. / juil. 2014,ONTARIO,"2,016,403","511,027","23,416",25.34%,,,,,,
Jul. / juil. 2014,MANITOBA,"185,194","51,042","2,175",27.98%,,,,,,
Jul. / juil. 2014,SASKATCHEWAN,"159,119","44,774","1,701",22.91%,,,,,,
Jul. / juil. 2014,ALBERTA,"440,659","106,883","3,538",36.57%,,,,,,
Jul. / juil. 2014,B.C./C.-B.,"732,233","204,884","9,754",30.65%,,,,,,
Jul. / juil. 2014,YUKON,"3,583",821,28,0.00%,,,,,,
Jul. / juil. 2014,N.W.T./T.N.-O.,"3,837","1,403",76,0.00%,,,,,,
Jul. / juil. 2014,INTERNATIONAL AGREEMENTS /ACCORDS INTERNATIONAUX,"103,192","7,396",47,7.17%,,,,,,
Aug. / août 2014,NFLD.&LAB./T-N.&LAB.,"93,403","46,415","3,345",49.69%,,,,,,
Aug. / août 2014,P.E.I./Î.-P.-É.,"25,241","9,241",456,36.61%,,,,,,
Aug. / août 2014,N.S./N.-É.,"169,812","61,474","3,246",36.20%,,,,,,
Aug. / août 2014,N.B./N.-B.,"136,972","56,940","3,315",41.57%,,,,,,
Aug. / août 2014,QUE./QUÉ.,"1,379,772","556,601","24,632",40.34%,,,,,,
Aug. / août 2014,ONTARIO,"2,022,274","520,679","23,704",25.75%,,,,,,
Aug. / août 2014,MANITOBA,"185,679","51,701","2,216",28.36%,,,,,,
Aug. / août 2014,SASKATCHEWAN,"159,487","45,392","1,776",22.98%,,,,,,
Aug. / août 2014,ALBERTA,"442,239","108,018","3,497",36.84%,,,,,,
Aug. / août 2014,B.C./C.-B.,"735,027","208,432","9,870",31.12%,,,,,,
Aug. / août 2014,YUKON,"3,598",827,28,0.00%,,,,,,
Aug. / août 2014,N.W.T./T.N.-O.,"3,846","1,417",73,0.00%,,,,,,
Aug. / août 2014,INTERNATIONAL AGREEMENTS /ACCORDS INTERNATIONAUX,"100,945","7,629",48,7.56%,,,,,,
Sept. / sept. 2014,NFLD.&LAB./T-N.&LAB.,"93,714","47,324","3,375",50.50%,,,,,,
Sept. / sept. 2014,P.E.I./Î.-P.-É.,"25,338","9,462",463,37.34%,,,,,,
Sept. / sept. 2014,N.S./N.-É.,"170,289","62,791","3,300",36.87%,,,,,,
Sept. / sept. 2014,N.B./N.-B.,"137,339","57,792","3,353",42.08%,,,,,,
Sept. / sept. 2014,QUE./QUÉ.,"1,383,810","562,548","24,885",40.65%,,,,,,
Sept. / sept. 2014,ONTARIO,"2,026,956","532,553","24,259",26.27%,,,,,,
Sept. / sept. 2014,MANITOBA,"186,040","52,181","2,240",28.76%,,,,,,
Sept. / sept. 2014,SASKATCHEWAN,"159,810","45,842","1,789",23.43%,,,,,,
Sept. / sept. 2014,ALBERTA,"443,620","109,495","3,519",37.13%,,,,,,
Sept. / sept. 2014,B.C./C.-B.,"737,383","212,094","9,961",31.54%,,,,,,
Sept. / sept. 2014,YUKON,"3,619",848,32,0.00%,,,,,,
Sept. / sept. 2014,N.W.T./T.N.-O.,"3,868","1,436",75,0.00%,,,,,,
Sept. / sept. 2014,INTERNATIONAL AGREEMENTS /ACCORDS INTERNATIONAUX,"101,242","7,727",53,7.63%,,,,,,
Oct. / oct. 2014,NFLD.&LAB./T-N.&LAB.,"94,113","47,720","3,348",50.71%,,,,,,
Oct. / oct. 2014,P.E.I./Î.-P.-É.,"25,434","9,614",471,37.80%,,,,,,
Oct. / oct. 2014,N.S./N.-É.,"170,789","63,532","3,331",37.20%,,,,,,
Oct. / oct. 2014,N.B./N.-B.,"137,749","58,297","3,364",42.32%,,,,,,
Oct. / oct. 2014,QUE./QUÉ.,"1,388,415","568,449","25,234",40.94%,,,,,,
Oct. / oct. 2014,ONTARIO,"2,032,602","540,825","24,602",26.61%,,,,,,
Oct. / oct. 2014,MANITOBA,"186,306","52,527","2,236",29.08%,,,,,,
Oct. / oct. 2014,SASKATCHEWAN,"159,996","46,221","1,800",23.59%,,,,,,
Oct. / oct. 2014,ALBERTA,"444,175","110,482","3,559",37.69%,,,,,,
Oct. / oct. 2014,B.C./C.-B.,"738,996","214,881","10,012",31.84%,,,,,,
Oct. / oct. 2014,YUKON,"3,620",854,32,0.00%,,,,,,
Oct. / oct. 2014,N.W.T./T.N.-O.,"3,879","1,462",73,0.00%,,,,,,
Oct. / oct. 2014,INTERNATIONAL AGREEMENTS /ACCORDS INTERNATIONAUX,"101,424","7,771",56,7.66%,,,,,,
Nov. / nov. 2014,NFLD.&LAB./T-N.&LAB.,"94,457","47,904","3,330",50.72%,,,,,,
Nov. / nov. 2014,P.E.I./Î.-P.-É.,"25,473","9,658",475,37.91%,,,,,,
Nov. / nov. 2014,N.S./N.-É.,"171,251","63,784","3,330",37.25%,,,,,,
Nov. / nov. 2014,N.B./N.-B.,"138,205","58,680","3,394",42.46%,,,,,,
Nov. / nov. 2014,QUE./QUÉ.,"1,392,520","572,318","25,579",41.10%,,,,,,
Nov. / nov. 2014,ONTARIO,"2,038,259","545,791","24,749",26.78%,,,,,,
Nov. / nov. 2014,MANITOBA,"186,725","52,802","2,222",29.26%,,,,,,
Nov. / nov. 2014,SASKATCHEWAN,"160,248","46,518","1,794",23.84%,,,,,,
Nov. / nov. 2014,ALBERTA,"445,566","111,357","3,565",37.65%,,,,,,
Nov. / nov. 2014,B.C./C.-B.,"741,642","216,973","9,964",31.99%,,,,,,
Nov. / nov. 2014,YUKON,"3,641",868,32,0.00%,,,,,,
Nov. / nov. 2014,N.W.T./T.N.-O.,"3,886","1,463",69,0.00%,,,,,,
Nov. / nov. 2014,INTERNATIONAL AGREEMENTS /ACCORDS INTERNATIONAUX,"101,615","7,802",57,7.68%,,,,,,
Dec. / déc. 2014,NFLD.&LAB./T-N.&LAB.,"94,762","47,968","3,324",50.62%,,,,,,
Dec. / déc. 2014,P.E.I./Î.-P.-É.,"25,543","9,689",473,37.93%,,,,,,
Dec. / déc. 2014,N.S./N.-É.,"171,702","63,916","3,350",37.22%,,,,,,
Dec. / déc. 2014,N.B./N.-B.,"138,609","58,940","3,422",42.52%,,,,,,
Dec. / déc. 2014,QUE./QUÉ.,"1,395,325","575,221","25,724",41.22%,,,,,,
Dec. / déc. 2014,ONTARIO,"2,043,251","549,305","24,979",26.88%,,,,,,
Dec. / déc. 2014,MANITOBA,"187,156","53,157","2,253",29.46%,,,,,,
Dec. / déc. 2014,SASKATCHEWAN,"160,430","46,784","1,791",24.20%,,,,,,
Dec. / déc. 2014,ALBERTA,"446,658","112,302","3,568",37.60%,,,,,,
Dec. / déc. 2014,B.C./C.-B.,"744,227","219,253","9,999",32.11%,,,,,,
Dec. / déc. 2014,YUKON,"3,669",888,32,0.00%,,,,,,
Dec. / déc. 2014,N.W.T./T.N.-O.,"3,902","1,467",69,0.00%,,,,,,
Dec. / déc. 2014,INTERNATIONAL AGREEMENTS /ACCORDS INTERNATIONAUX,"102,739","7,841",57,7.63%,,,,,,
Jan. / jan. 2015,NFLD.&LAB./T-N.&LAB.,"95,072","48,125","3,301",50.62%,,,,,,
Jan. / jan. 2015,P.E.I./Î.-P.-É.,"25,588","9,671",468,37.80%,,,,,,
Jan. / jan. 2015,N.S./N.-É.,"172,092","64,314","3,343",37.37%,,,,,,
Jan. / jan. 2015,N.B./N.-B.,"138,917","59,136","3,459",42.57%,,,,,,
Jan. / jan. 2015,QUE./QUÉ.,"1,397,764","576,820","25,883",41.27%,,,,,,
Jan. / jan. 2015,ONTARIO,"2,047,762","551,973","25,014",26.95%,,,,,,
Jan. / jan. 2015,MANITOBA,"187,513","53,421","2,287",28.49%,,,,,,
Jan. / jan. 2015,SASKATCHEWAN,"160,617","46,980","1,797",29.25%,,,,,,
Jan. / jan. 2015,ALBERTA,"448,030","113,163","3,580",25.26%,,,,,,
Jan. / jan. 2015,B.C./C.-B.,"746,443","220,908","10,026",29.59%,,,,,,
Jan. / jan. 2015,YUKON,"3,674",902,32,24.55%,,,,,,
Jan. / jan. 2015,N.W.T./T.N.-O.,"3,923","1,489",66,37.96%,,,,,,
Jan. / jan. 2015,INTERNATIONAL AGREEMENTS /ACCORDS INTERNATIONAUX,"103,025","7,855",55,7.62%,,,,,,
Feb. / fév. 2015,NFLD.&LAB./T-N.&LAB.,"95,176","48,160","3,281",50.60%,,,,,,
Feb. / fév. 2015,P.E.I./Î.-P.-É.,"25,663","9,784",456,38.12%,,,,,,
Feb. / fév. 2015,N.S./N.-É.,"172,204","64,484","3,337",37.45%,,,,,,
Feb. / fév. 2015,N.B./N.-B.,"139,143","59,207","3,459",42.55%,,,,,,
Feb. / fév. 2015,QUE./QUÉ.,"1,398,482","579,382","26,100",41.43%,,,,,,
Feb. / fév. 2015,ONTARIO,"2,051,019","556,779","25,201",27.15%,,,,,,
Feb. / fév. 2015,MANITOBA,"187,527","53,706","2,303",28.64%,,,,,,
Feb. / fév. 2015,SASKATCHEWAN,"160,501","47,143","1,818",29.37%,,,,,,
Feb. / fév. 2015,ALBERTA,"448,606","114,277","3,622",25.47%,,,,,,
Feb. / fév. 2015,B.C./C.-B.,"748,008","222,771","10,112",29.78%,,,,,,
Feb. / fév. 2015,YUKON,"3,692",918,31,24.86%,,,,,,
Feb. / fév. 2015,N.W.T./T.N.-O.,"3,936","1,514",66,38.47%,,,,,,
Feb. / fév. 2015,INTERNATIONAL AGREEMENTS /ACCORDS INTERNATIONAUX,"103,667","7,828",54,7.55%,,,,,,
Mar. / mar. 2015,NFLD.&LAB./T-N.&LAB.,"95,374","48,392","3,269",50.74%,,,,,,
Mar. / mar. 2015,P.E.I./Î.-P.-É.,"25,712","9,937",457,38.65%,,,,,,
Mar. / mar. 2015,N.S./N.-É.,"172,386","64,549","3,342",37.44%,,,,,,
Mar. / mar. 2015,N.B./N.-B.,"139,348","59,428","3,420",42.65%,,,,,,
Mar. / mar. 2015,QUE./QUÉ.,"1,401,014","583,236","26,177",41.63%,,,,,,
Mar. / mar. 2015,ONTARIO,"2,054,226","561,350","25,332",27.33%,,,,,,
Mar. / mar. 2015,MANITOBA,"187,828","54,256","2,302",28.89%,,,,,,
Mar. / mar. 2015,SASKATCHEWAN,"160,648","47,619","1,808",29.64%,,,,,,
Mar. / mar. 2015,ALBERTA,"449,644","115,688","3,586",25.73%,,,,,,
Mar. / mar. 2015,B.C./C.-B.,"749,745","225,705","10,161",30.10%,,,,,,
Mar. / mar. 2015,YUKON,"3,694",932,33,25.23%,,,,,,
Mar. / mar. 2015,N.W.T./T.N.-O.,"3,939","1,529",64,38.82%,,,,,,
Mar. / mar. 2015,INTERNATIONAL AGREEMENTS /ACCORDS INTERNATIONAUX,"103,632","7,817",52,7.54%,,,,,,
Apr. / avr. 2015,NFLD.&LAB./T-N.&LAB.,"95,672","48,666","3,265",50.87%,,,,,,
Apr. / avr. 2015,P.E.I./Î.-P.-É.,"25,772","9,907",455,38.44%,,,,,,
Apr. / avr. 2015,N.S./N.-É.,"172,703","64,623","3,293",37.42%,,,,,,
Apr. / avr. 2015,N.B./N.-B.,"139,714","59,814","3,420",42.81%,,,,,,
Apr. / avr. 2015,QUE./QUÉ.,"1,404,395","586,621","26,037",41.77%,,,,,,
Apr. / avr. 2015,ONTARIO,"2,059,762","566,403","25,201",27.50%,,,,,,
Apr. / avr. 2015,MANITOBA,"188,166","54,829","2,271",29.14%,,,,,,
Apr. / avr. 2015,SASKATCHEWAN,"160,932","48,103","1,781",29.89%,,,,,,
Apr. / avr. 2015,ALBERTA,"450,869","117,496","3,507",26.06%,,,,,,
Apr. / avr. 2015,B.C./C.-B.,"751,959","228,383","10,090",30.37%,,,,,,
Apr. / avr. 2015,YUKON,"3,705",942,35,25.43%,,,,,,
Apr. / avr. 2015,N.W.T./T.N.-O.,"3,971","1,546",63,38.93%,,,,,,
Apr. / avr. 2015,INTERNATIONAL AGREEMENTS /ACCORDS INTERNATIONAUX,"103,722","7,820",57,7.54%,,,,,,
May / mai 2015,NFLD.&LAB./T-N.&LAB.,"95,948","48,805","3,251",50.87%,,,,,,
May / mai 2015,P.E.I./Î.-P.-É.,"25,856","9,891",446,38.25%,,,,,,
May / mai 2015,N.S./N.-É.,"173,061","64,687","3,268",37.38%,,,,,,
May / mai 2015,N.B./N.-B.,"140,105","59,918","3,404",42.77%,,,,,,
May / mai 2015,QUE./QUÉ.,"1,408,192","589,976","25,874",41.90%,,,,,,
May / mai 2015,ONTARIO,"2,063,939","569,644","25,142",27.60%,,,,,,
May / mai 2015,MANITOBA,"188,476","55,034","2,270",29.20%,,,,,,
May / mai 2015,SASKATCHEWAN,"161,271","48,277","1,747",29.94%,,,,,,
May / mai 2015,ALBERTA,"452,045","118,330","3,452",26.18%,,,,,,
May / mai 2015,B.C./C.-B.,"754,065","229,784","10,003",30.47%,,,,,,
May / mai 2015,YUKON,"3,722",950,36,25.52%,,,,,,
May / mai 2015,N.W.T./T.N.-O.,"3,985","1,556",65,39.05%,,,,,,
May / mai 2015,INTERNATIONAL AGREEMENTS /ACCORDS INTERNATIONAUX,"103,740","7,830",55,7.55%,,,,,,
June / juin 2015,NFLD.&LAB./T-N.&LAB.,"96,262","48,857","3,271",50.75%,,,,,,
June / juin 2015,P.E.I./Î.-P.-É.,"25,937","9,912",442,38.22%,,,,,,
June / juin 2015,N.S./N.-É.,"173,482","64,769","3,246",37.33%,,,,,,
June / juin 2015,N.B./N.-B.,"140,491","60,066","3,403",42.75%,,,,,,
June / juin 2015,QUE./QUÉ.,"1,412,269","592,132","25,725",41.93%,,,,,,
June / juin 2015,ONTARIO,"2,067,955","572,798","25,123",27.70%,,,,,,
June / juin 2015,MANITOBA,"188,811","55,636","2,259",29.47%,,,,,,
June / juin 2015,SASKATCHEWAN,"161,521","48,736","1,724",30.17%,,,,,,
June / juin 2015,ALBERTA,"453,252","119,725","3,404",26.41%,,,,,,
June / juin 2015,B.C./C.-B.,"755,901","231,972","9,968",30.69%,,,,,,
June / juin 2015,YUKON,"3,735",971,37,26.00%,,,,,,
June / juin 2015,N.W.T./T.N.-O.,"3,997","1,572",62,39.33%,,,,,,
June / juin 2015,INTERNATIONAL AGREEMENTS /ACCORDS INTERNATIONAUX,"103,785","7,859",57,7.57%,,,,,,
Jul. / juil. 2015,NFLD.&LAB./T-N.&LAB.,"96,519","46,947","3,063",48.64%,,,,,,
Jul. / juil. 2015,P.E.I./Î.-P.-É.,"26,011","9,424",393,36.23%,,,,,,
Jul. / juil. 2015,N.S./N.-É.,"173,935","59,960","2,890",34.47%,,,,,,
Jul. / juil. 2015,N.B./N.-B.,"140,840","57,476","3,215",40.81%,,,,,,
Jul. / juil. 2015,QUE./QUÉ.,"1,416,282","564,901","23,333",39.89%,,,,,,
Jul. / juil. 2015,ONTARIO,"2,072,352","551,740","23,351",26.62%,,,,,,
Jul. / juil. 2015,MANITOBA,"189,268","55,247","2,087",29.19%,,,,,,
Jul. / juil. 2015,SASKATCHEWAN,"161,951","48,454","1,524",29.92%,,,,,,
Jul. / juil. 2015,ALBERTA,"454,609","122,512","3,233",26.95%,,,,,,
Jul. / juil. 2015,B.C./C.-B.,"757,474","224,156","9,193",29.59%,,,,,,
Jul. / juil. 2015,YUKON,"3,744",932,31,24.89%,,,,,,
Jul. / juil. 2015,N.W.T./T.N.-O.,"4,010","1,571",59,39.18%,,,,,,
Jul. / juil. 2015,INTERNATIONAL AGREEMENTS /ACCORDS INTERNATIONAUX,"103,720","7,324",48,7.06%,,,,,,
Aug. / août 2015,NFLD.&LAB./T-N.&LAB.,"96,939","47,635","3,089",49.14%,,,,,,
Aug. / août 2015,P.E.I./Î.-P.-É.,"26,073","9,683",413,37.14%,,,,,,
Aug. / août 2015,N.S./N.-É.,"174,365","62,425","3,089",35.80%,,,,,,
Aug. / août 2015,N.B./N.-B.,"141,302","58,640","3,297",41.50%,,,,,,
Aug. / août 2015,QUE./QUÉ.,"1,421,024","581,285","24,065",40.91%,,,,,,
Aug. / août 2015,ONTARIO,"2,077,701","557,503","23,479",26.83%,,,,,,
Aug. / août 2015,MANITOBA,"189,665","55,568","2,094",29.30%,,,,,,
Aug. / août 2015,SASKATCHEWAN,"162,295","48,738","1,546",30.03%,,,,,,
Aug. / août 2015,ALBERTA,"455,872","123,413","3,195",27.07%,,,,,,
Aug. / août 2015,B.C./C.-B.,"759,813","228,035","9,303",30.01%,,,,,,
Aug. / août 2015,YUKON,"3,762",954,29,25.36%,,,,,,
Aug. / août 2015,N.W.T./T.N.-O.,"4,046","1,586",54,39.20%,,,,,,
Aug. / août 2015,INTERNATIONAL AGREEMENTS /ACCORDS INTERNATIONAUX,"101,060","7,469",50,7.39%,,,,,,
Sept. / sept. 2015,NFLD.&LAB./T-N.&LAB.,"97,335","48,265","3,078",49.59%,,,,,,
Sept. / sept. 2015,P.E.I./Î.-P.-É.,"26,164","9,748",416,37.26%,,,,,,
Sept. / sept. 2015,N.S./N.-É.,"174,855","63,293","3,130",36.20%,,,,,,
Sept. / sept. 2015,N.B./N.-B.,"141,845","59,567","3,288",41.99%,,,,,,
Sept. / sept. 2015,QUE./QUÉ.,"1,425,599","585,912","24,024",41.10%,,,,,,
Sept. / sept. 2015,ONTARIO,"2,082,495","569,722","23,803",27.36%,,,,,,
Sept. / sept. 2015,MANITOBA,"190,094","56,064","2,111",29.49%,,,,,,
Sept. / sept. 2015,SASKATCHEWAN,"162,638","49,217","1,539",30.26%,,,,,,
Sept. / sept. 2015,ALBERTA,"457,450","124,433","3,157",27.20%,,,,,,
Sept. / sept. 2015,B.C./C.-B.,"762,095","230,992","9,363",30.31%,,,,,,
Sept. / sept. 2015,YUKON,"3,763",962,29,25.56%,,,,,,
Sept. / sept. 2015,N.W.T./T.N.-O.,"4,067","1,600",50,39.34%,,,,,,
Sept. / sept. 2015,INTERNATIONAL AGREEMENTS /ACCORDS INTERNATIONAUX,"102,080","7,520",50,7.37%,,,,,,
Oct. / oct. 2015,NFLD.&LAB./T-N.&LAB.,"97,736","48,936","3,080",50.07%,,,,,,
Oct. / oct. 2015,P.E.I./Î.-P.-É.,"26,252","9,907",420,37.74%,,,,,,
Oct. / oct. 2015,N.S./N.-É.,"175,438","64,224","3,172",36.61%,,,,,,
Oct. / oct. 2015,N.B./N.-B.,"142,329","60,530","3,325",42.53%,,,,,,
Oct. / oct. 2015,QUE./QUÉ.,"1,429,968","589,846","24,088",41.25%,,,,,,
Oct. / oct. 2015,ONTARIO,"2,087,466","578,957","23,979",27.73%,,,,,,
Oct. / oct. 2015,MANITOBA,"190,587","56,655","2,136",29.73%,,,,,,
Oct. / oct. 2015,SASKATCHEWAN,"162,971","49,795","1,530",30.55%,,,,,,
Oct. / oct. 2015,ALBERTA,"459,103","126,003","3,146",27.45%,,,,,,
Oct. / oct. 2015,B.C./C.-B.,"764,468","234,107","9,424",30.62%,,,,,,
Oct. / oct. 2015,YUKON,"3,775",979,30,25.93%,,,,,,
Oct. / oct. 2015,N.W.T./T.N.-O.,"4,094","1,623",52,39.64%,,,,,,
Oct. / oct. 2015,INTERNATIONAL AGREEMENTS /ACCORDS INTERNATIONAUX,"102,606","7,573",48,7.38%,,,,,,
Nov. / nov. 2015,NFLD.&LAB./T-N.&LAB.,"98,147","49,442","3,071",50.38%,,,,,,
Nov. / nov. 2015,P.E.I./Î.-P.-É.,"26,355","9,976",421,37.85%,,,,,,
Nov. / nov. 2015,N.S./N.-É.,"175,985","64,465","3,150",36.63%,,,,,,
Nov. / nov. 2015,N.B./N.-B.,"142,638","60,856","3,328",42.66%,,,,,,
Nov. / nov. 2015,QUE./QUÉ.,"1,433,858","592,763","24,015",41.34%,,,,,,
Nov. / nov. 2015,ONTARIO,"2,092,036","583,488","23,720",27.89%,,,,,,
Nov. / nov. 2015,MANITOBA,"190,884","57,038","2,121",29.88%,,,,,,
Nov. / nov. 2015,SASKATCHEWAN,"163,238","50,070","1,543",30.67%,,,,,,
Nov. / nov. 2015,ALBERTA,"460,148","126,822","3,118",27.56%,,,,,,
Nov. / nov. 2015,B.C./C.-B.,"766,783","236,568","9,411",30.85%,,,,,,
Nov. / nov. 2015,YUKON,"3,795",995,31,26.22%,,,,,,
Nov. / nov. 2015,N.W.T./T.N.-O.,"4,100","1,626",50,39.66%,,,,,,
Nov. / nov. 2015,INTERNATIONAL AGREEMENTS /ACCORDS INTERNATIONAUX,"102,845","7,608",47,7.40%,,,,,,
Dec. / déc. 2015,NFLD.&LAB./T-N.&LAB.,"98,441","49,570","3,075",50.36%,,,,,,
Dec. / déc. 2015,P.E.I./Î.-P.-É.,"26,415","9,999",417,37.85%,,,,,,
Dec. / déc. 2015,N.S./N.-É.,"176,367","64,483","3,142",36.56%,,,,,,
Dec. / déc. 2015,N.B./N.-B.,"143,033","61,054","3,333",42.69%,,,,,,
Dec. / déc. 2015,QUE./QUÉ.,"1,437,447","594,080","23,980",41.33%,,,,,,
Dec. / déc. 2015,ONTARIO,"2,096,445","587,177","23,583",28.01%,,,,,,
Dec. / déc. 2015,MANITOBA,"191,225","57,192","2,099",29.91%,,,,,,
Dec. / déc. 2015,SASKATCHEWAN,"163,436","50,169","1,525",30.70%,,,,,,
Dec. / déc. 2015,ALBERTA,"461,269","127,751","3,101",27.70%,,,,,,
Dec. / déc. 2015,B.C./C.-B.,"768,532","238,214","9,404",31.00%,,,,,,
Dec. / déc. 2015,YUKON,"3,817","1,019",31,26.70%,,,,,,
Dec. / déc. 2015,N.W.T./T.N.-O.,"4,109","1,648",50,40.11%,,,,,,
Dec. / déc. 2015,INTERNATIONAL AGREEMENTS /ACCORDS INTERNATIONAUX,"103,115","7,631",50,7.40%,,,,,,
Jan. / jan. 2016,NFLD.&LAB./T-N.&LAB.,"98,775","49,514","3,051",50.13%,,,,,,
Jan. / jan. 2016,P.E.I./Î.-P.-É.,"26,493","10,010",428,37.78%,,,,,,
Jan. / jan. 2016,N.S./N.-É.,"176,629","64,451","3,160",36.49%,,,,,,
Jan. / jan. 2016,N.B./N.-B.,"143,277","61,139","3,330",42.67%,,,,,,
Jan. / jan. 2016,QUE./QUÉ.,"1,439,261","595,273","24,095",41.36%,,,,,,
Jan. / jan. 2016,ONTARIO,"2,101,178","594,680","23,879",28.30%,,,,,,
Jan. / jan. 2016,MANITOBA,"191,472","57,651","2,127",30.11%,,,,,,
Jan. / jan. 2016,SASKATCHEWAN,"163,555","50,486","1,571",30.87%,,,,,,
Jan. / jan. 2016,ALBERTA,"462,240","129,141","3,160",27.94%,,,,,,
Jan. / jan. 2016,B.C./C.-B.,"770,139","240,342","9,685",31.21%,,,,,,
Jan. / jan. 2016,YUKON,"3,833","1,031",33,26.90%,,,,,,
Jan. / jan. 2016,N.W.T./T.N.-O.,"4,130","1,656",49,40.10%,,,,,,
Jan. / jan. 2016,INTERNATIONAL AGREEMENTS /ACCORDS INTERNATIONAUX,"103,307","7,616",50,7.37%,,,,,,
Feb. / fév. 2016,NFLD.&LAB./T-N.&LAB.,"99,040","49,554","3,069",50.03%,,,,,,
Feb. / fév. 2016,P.E.I./Î.-P.-É.,"26,586","10,047",425,37.79%,,,,,,
Feb. / fév. 2016,N.S./N.-É.,"176,899","64,441","3,229",36.43%,,,,,,
Feb. / fév. 2016,N.B./N.-B.,"143,596","61,250","3,384",42.65%,,,,,,
Feb. / fév. 2016,QUE./QUÉ.,"1,443,440","596,712","24,068",41.34%,,,,,,
Feb. / fév. 2016,ONTARIO,"2,106,263","597,032","23,926",28.35%,,,,,,
Feb. / fév. 2016,MANITOBA,"191,782","57,730","2,161",30.10%,,,,,,
Feb. / fév. 2016,SASKATCHEWAN,"163,627","50,463","1,654",30.84%,,,,,,
Feb. / fév. 2016,ALBERTA,"463,211","129,825","3,257",28.03%,,,,,,
Feb. / fév. 2016,B.C./C.-B.,"771,507","241,076","9,745",31.25%,,,,,,
Feb. / fév. 2016,YUKON,"3,832","1,036",33,27.04%,,,,,,
Feb. / fév. 2016,N.W.T./T.N.-O.,"4,147","1,663",56,40.10%,,,,,,
Feb. / fév. 2016,INTERNATIONAL AGREEMENTS /ACCORDS INTERNATIONAUX,"103,232","7,615",50,7.38%,,,,,,
Mar. / mar. 2016,NFLD.&LAB./T-N.&LAB.,"99,308","49,546","3,064",49.89%,,,,,,
Mar. / mar. 2016,P.E.I./Î.-P.-É.,"26,656","10,068",435,37.77%,,,,,,
Mar. / mar. 2016,N.S./N.-É.,"177,289","64,463","3,232",36.36%,,,,,,
Mar. / mar. 2016,N.B./N.-B.,"143,947","61,430","3,377",42.68%,,,,,,
Mar. / mar. 2016,QUE./QUÉ.,"1,446,132","596,715","24,053",41.26%,,,,,,
Mar. / mar. 2016,ONTARIO,"2,110,346","598,448","24,212",28.36%,,,,,,
Mar. / mar. 2016,MANITOBA,"192,049","57,762","2,174",30.08%,,,,,,
Mar. / mar. 2016,SASKATCHEWAN,"163,788","50,459","1,661",30.81%,,,,,,
Mar. / mar. 2016,ALBERTA,"464,142","130,179","3,286",28.05%,,,,,,
Mar. / mar. 2016,B.C./C.-B.,"772,882","242,537","9,713",31.38%,,,,,,
Mar. / mar. 2016,YUKON,"3,860","1,050",33,27.20%,,,,,,
Mar. / mar. 2016,N.W.T./T.N.-O.,"4,177","1,675",51,40.10%,,,,,,
Mar. / mar. 2016,INTERNATIONAL AGREEMENTS /ACCORDS INTERNATIONAUX,"103,206","7,614",48,7.38%,,,,,,
Apr. / avr. 2016,NFLD.&LAB./T-N.&LAB.,"99,649","49,649","3,068",49.82%,,,,,,
Apr. / avr. 2016,P.E.I./Î.-P.-É.,"26,746","10,072",438,37.66%,,,,,,
Apr. / avr. 2016,N.S./N.-É.,"177,835","64,512","3,216",36.28%,,,,,,
Apr. / avr. 2016,N.B./N.-B.,"144,373","61,521","3,374",42.61%,,,,,,
Apr. / avr. 2016,QUE./QUÉ.,"1,449,972","597,399","24,009",41.20%,,,,,,
Apr. / avr. 2016,ONTARIO,"2,115,179","600,016","24,079",28.37%,,,,,,
Apr. / avr. 2016,MANITOBA,"192,401","57,729","2,160",30.00%,,,,,,
Apr. / avr. 2016,SASKATCHEWAN,"164,070","50,365","1,666",30.70%,,,,,,
Apr. / avr. 2016,ALBERTA,"465,027","130,324","3,250",28.03%,,,,,,
Apr. / avr. 2016,B.C./C.-B.,"774,809","243,589","9,613",31.44%,,,,,,
Apr. / avr. 2016,YUKON,"3,879","1,059",32,27.30%,,,,,,
Apr. / avr. 2016,N.W.T./T.N.-O.,"4,203","1,683",50,40.04%,,,,,,
Apr. / avr. 2016,INTERNATIONAL AGREEMENTS /ACCORDS INTERNATIONAUX,"103,180","7,592",47,7.36%,,,,,,
May / mai 2016,NFLD.&LAB./T-N.&LAB.,"99,875","49,661","3,086",49.72%,,,,,,
May / mai 2016,P.E.I./Î.-P.-É.,"26,821","10,082",437,37.59%,,,,,,
May / mai 2016,N.S./N.-É.,"178,122","64,624","3,259",36.28%,,,,,,
May / mai 2016,N.B./N.-B.,"144,725","61,613","3,390",42.57%,,,,,,
May / mai 2016,QUE./QUÉ.,"1,454,117","598,283","24,134",41.14%,,,,,,
May / mai 2016,ONTARIO,"2,120,160","603,612","24,557",28.47%,,,,,,
May / mai 2016,MANITOBA,"192,753","57,661","2,117",29.91%,,,,,,
May / mai 2016,SASKATCHEWAN,"164,250","50,242","1,653",30.59%,,,,,,
May / mai 2016,ALBERTA,"466,490","130,611","3,245",28.00%,,,,,,
May / mai 2016,B.C./C.-B.,"776,467","244,105","9,655",31.44%,,,,,,
May / mai 2016,YUKON,"3,900","1,063",34,27.26%,,,,,,
May / mai 2016,N.W.T./T.N.-O.,"4,225","1,688",50,39.95%,,,,,,
May / mai 2016,INTERNATIONAL AGREEMENTS /ACCORDS INTERNATIONAUX,"103,207","7,579",49,7.34%,,,,,,
June / juin 2016,NFLD.&LAB./T-N.&LAB.,"100,192","49,684","3,084",49.59%,,,,,,
June / juin 2016,P.E.I./Î.-P.-É.,"26,915","10,110",435,37.56%,,,,,,
June / juin 2016,N.S./N.-É.,"178,753","64,690","3,260",36.19%,,,,,,
June / juin 2016,N.B./N.-B.,"145,251","61,770","3,362",42.53%,,,,,,
June / juin 2016,QUE./QUÉ.,"1,458,594","598,998","24,013",41.07%,,,,,,
June / juin 2016,ONTARIO,"2,125,384","605,407","24,498",28.48%,,,,,,
June / juin 2016,MANITOBA,"193,339","57,636","2,119",29.81%,,,,,,
June / juin 2016,SASKATCHEWAN,"164,776","50,215","1,634",30.47%,,,,,,
June / juin 2016,ALBERTA,"468,082","130,777","3,179",27.94%,,,,,,
June / juin 2016,B.C./C.-B.,"778,866","244,293","9,491",31.37%,,,,,,
June / juin 2016,YUKON,"3,938","1,070",31,27.17%,,,,,,
June / juin 2016,N.W.T./T.N.-O.,"4,224","1,678",49,39.73%,,,,,,
June / juin 2016,INTERNATIONAL AGREEMENTS /ACCORDS INTERNATIONAUX,"103,263","7,589",50,7.35%,,,,,,
Jul. / juil. 2016,NFLD.&LAB./T-N.&LAB.,"100,491","48,307","2,985",48.07%,,,,,,
Jul. / juil. 2016,P.E.I./Î.-P.-É.,"27,008","9,572",406,35.44%,,,,,,
Jul. / juil. 2016,N.S./N.-É.,"179,167","61,812","2,962",34.50%,,,,,,
Jul. / juil. 2016,N.B./N.-B.,"145,738","59,436","3,190",40.78%,,,,,,
Jul. / juil. 2016,QUE./QUÉ.,"1,462,831","576,580","22,039",39.42%,,,,,,
Jul. / juil. 2016,ONTARIO,"2,130,265","570,199","22,377",26.77%,,,,,,
Jul. / juil. 2016,MANITOBA,"193,756","55,403","1,938",28.59%,,,,,,
Jul. / juil. 2016,SASKATCHEWAN,"165,231","47,993","1,464",29.05%,,,,,,
Jul. / juil. 2016,ALBERTA,"469,554","125,218","2,884",26.67%,,,,,,
Jul. / juil. 2016,B.C./C.-B.,"781,073","228,895","8,662",29.31%,,,,,,
Jul. / juil. 2016,YUKON,"3,953","1,001",26,25.32%,,,,,,
Jul. / juil. 2016,N.W.T./T.N.-O.,"4,238","1,599",44,37.73%,,,,,,
Jul. / juil. 2016,INTERNATIONAL AGREEMENTS /ACCORDS INTERNATIONAUX,"103,302","7,059",40,6.83%,,,,,,
Aug. / août 2016,NFLD.&LAB./T-N.&LAB.,"100,945","48,898","2,975",48.44%,,,,,,
Aug. / août 2016,P.E.I./Î.-P.-É.,"27,130","9,806",410,36.14%,,,,,,
Aug. / août 2016,N.S./N.-É.,"179,840","63,182","3,075",35.13%,,,,,,
Aug. / août 2016,N.B./N.-B.,"146,303","60,306","3,225",41.22%,,,,,,
Aug. / août 2016,QUE./QUÉ.,"1,467,588","586,297","22,482",39.95%,,,,,,
Aug. / août 2016,ONTARIO,"2,136,613","578,658","22,785",27.08%,,,,,,
Aug. / août 2016,MANITOBA,"194,281","55,619","1,959",28.63%,,,,,,
Aug. / août 2016,SASKATCHEWAN,"165,605","48,331","1,486",29.18%,,,,,,
Aug. / août 2016,ALBERTA,"471,107","126,062","2,877",26.76%,,,,,,
Aug. / août 2016,B.C./C.-B.,"783,482","232,325","8,698",29.65%,,,,,,
Aug. / août 2016,YUKON,"3,982","1,024",28,25.72%,,,,,,
Aug. / août 2016,N.W.T./T.N.-O.,"4,260","1,622",43,38.08%,,,,,,
Aug. / août 2016,INTERNATIONAL AGREEMENTS /ACCORDS INTERNATIONAUX,"100,661","7,215",42,7.17%,,,,,,
Sept. / sept. 2016,NFLD.&LAB./T-N.&LAB.,"101,336","49,455","3,006",48.80%,,,,,,
Sept. / sept. 2016,P.E.I./Î.-P.-É.,"27,216","9,901",414,36.38%,,,,,,
Sept. / sept. 2016,N.S./N.-É.,"180,384","64,037","3,120",35.50%,,,,,,
Sept. / sept. 2016,N.B./N.-B.,"146,757","61,191","3,275",41.70%,,,,,,
Sept. / sept. 2016,QUE./QUÉ.,"1,471,449","592,012","22,617",40.23%,,,,,,
Sept. / sept. 2016,ONTARIO,"2,142,473","588,918","23,327",27.49%,,,,,,
Sept. / sept. 2016,MANITOBA,"194,714","56,005","1,979",28.76%,,,,,,
Sept. / sept. 2016,SASKATCHEWAN,"166,005","48,740","1,525",29.36%,,,,,,
Sept. / sept. 2016,ALBERTA,"472,924","127,310","2,838",26.92%,,,,,,
Sept. / sept. 2016,B.C./C.-B.,"785,830","235,364","8,795",29.95%,,,,,,
Sept. / sept. 2016,YUKON,"4,001","1,034",32,25.84%,,,,,,
Sept. / sept. 2016,N.W.T./T.N.-O.,"4,271","1,621",41,37.95%,,,,,,
Sept. / sept. 2016,INTERNATIONAL AGREEMENTS /ACCORDS INTERNATIONAUX,"101,159","7,307",44,7.22%,,,,,,
Oct. / oct. 2016,NFLD.&LAB./T-N.&LAB.,"101,663","49,886","3,051",49.07%,,,,,,
Oct. / oct. 2016,P.E.I./Î.-P.-É.,"27,296","10,002",417,36.64%,,,,,,
Oct. / oct. 2016,N.S./N.-É.,"180,720","64,618","3,168",35.76%,,,,,,
Oct. / oct. 2016,N.B./N.-B.,"147,054","61,706","3,330",41.96%,,,,,,
Oct. / oct. 2016,QUE./QUÉ.,"1,475,636","597,570","23,311",40.50%,,,,,,
Oct. / oct. 2016,ONTARIO,"2,147,926","598,938","24,053",27.88%,,,,,,
Oct. / oct. 2016,MANITOBA,"195,134","56,518","2,030",28.96%,,,,,,
Oct. / oct. 2016,SASKATCHEWAN,"166,243","49,125","1,580",29.55%,,,,,,
Oct. / oct. 2016,ALBERTA,"474,679","128,963","2,899",27.17%,,,,,,
Oct. / oct. 2016,B.C./C.-B.,"787,409","238,319","8,823",30.27%,,,,,,
Oct. / oct. 2016,YUKON,"4,021","1,052",33,26.16%,,,,,,
Oct. / oct. 2016,N.W.T./T.N.-O.,"4,312","1,647",39,38.20%,,,,,,
Oct. / oct. 2016,INTERNATIONAL AGREEMENTS /ACCORDS INTERNATIONAUX,"101,773","7,395",48,7.27%,,,,,,
Nov. / nov. 2016,NFLD.&LAB./T-N.&LAB.,"102,068","50,129","3,064",49.11%,,,,,,
Nov. / nov. 2016,P.E.I./Î.-P.-É.,"27,357","10,013",418,36.60%,,,,,,
Nov. / nov. 2016,N.S./N.-É.,"181,199","64,760","3,161",35.74%,,,,,,
Nov. / nov. 2016,N.B./N.-B.,"147,432","62,002","3,335",42.05%,,,,,,
Nov. / nov. 2016,QUE./QUÉ.,"1,479,094","600,282","23,703",40.58%,,,,,,
Nov. / nov. 2016,ONTARIO,"2,153,205","602,451","24,352",27.98%,,,,,,
Nov. / nov. 2016,MANITOBA,"195,593","56,804","2,025",29.04%,,,,,,
Nov. / nov. 2016,SASKATCHEWAN,"166,518","49,289","1,588",29.60%,,,,,,
Nov. / nov. 2016,ALBERTA,"476,452","129,968","2,891",27.28%,,,,,,
Nov. / nov. 2016,B.C./C.-B.,"789,497","239,726","8,703",30.36%,,,,,,
Nov. / nov. 2016,YUKON,"4,043","1,059",34,26.19%,,,,,,
Nov. / nov. 2016,N.W.T./T.N.-O.,"4,333","1,661",39,38.33%,,,,,,
Nov. / nov. 2016,INTERNATIONAL AGREEMENTS /ACCORDS INTERNATIONAUX,"101,931","7,402",49,7.26%,,,,,,
Dec. / déc. 2016,NFLD.&LAB./T-N.&LAB.,"102,404","50,146","3,056",48.97%,,,,,,
Dec. / déc. 2016,P.E.I./Î.-P.-É.,"27,436","10,031",422,36.56%,,,,,,
Dec. / déc. 2016,N.S./N.-É.,"181,517","64,916","3,152",35.76%,,,,,,
Dec. / déc. 2016,N.B./N.-B.,"147,802","62,105","3,343",42.02%,,,,,,
Dec. / déc. 2016,QUE./QUÉ.,"1,482,522","603,466","23,932",40.71%,,,,,,
Dec. / déc. 2016,ONTARIO,"2,157,552","606,365","24,521",28.10%,,,,,,
Dec. / déc. 2016,MANITOBA,"196,041","56,946","2,024",29.05%,,,,,,
Dec. / déc. 2016,SASKATCHEWAN,"166,803","49,612","1,598",29.74%,,,,,,
Dec. / déc. 2016,ALBERTA,"477,702","130,515","2,916",27.32%,,,,,,
Dec. / déc. 2016,B.C./C.-B.,"791,425","240,654","8,559",30.41%,,,,,,
Dec. / déc. 2016,YUKON,"4,070","1,089",32,26.76%,,,,,,
Dec. / déc. 2016,N.W.T./T.N.-O.,"4,335","1,667",40,38.45%,,,,,,
Dec. / déc. 2016,INTERNATIONAL AGREEMENTS /ACCORDS INTERNATIONAUX,"102,113","7,381",51,7.23%,,,,,,
Jan. / jan. 2017,NFLD.&LAB./T-N.&LAB.,"102,740","50,272","3,073",48.93%,,,,,,
Jan. / jan. 2017,P.E.I./Î.-P.-É.,"27,463","10,064",428,36.65%,,,,,,
Jan. / jan. 2017,N.S./N.-É.,"181,894","65,339","3,146",35.92%,,,,,,
Jan. / jan. 2017,N.B./N.-B.,"148,128","62,362","3,320",42.10%,,,,,,
Jan. / jan. 2017,QUE./QUÉ.,"1,484,814","605,247","24,004",40.76%,,,,,,
Jan. / jan. 2017,ONTARIO,"2,162,710","613,162","24,590",28.35%,,,,,,
Jan. / jan. 2017,MANITOBA,"196,429","57,225","2,008",29.13%,,,,,,
Jan. / jan. 2017,SASKATCHEWAN,"167,023","49,858","1,597",29.85%,,,,,,
Jan. / jan. 2017,ALBERTA,"479,529","131,218","2,910",27.36%,,,,,,
Jan. / jan. 2017,B.C./C.-B.,"793,146","242,574","8,432",30.58%,,,,,,
Jan. / jan. 2017,YUKON,"4,080","1,101",33,26.99%,,,,,,
Jan. / jan. 2017,N.W.T./T.N.-O.,"4,348","1,676",40,38.55%,,,,,,
Jan. / jan. 2017,INTERNATIONAL AGREEMENTS /ACCORDS INTERNATIONAUX,"102,156","7,431",51,7.27%,,,,,,
